{
  "stats": {
    "submitted": 50,
    "finished": 50,
    "running": 0
  },
  "data": [
    [
      1,
      null,
      209652396,
      null,
      0.23192544091457634,
      4.642165899276733,
      1,
      1706033800.360566,
      1706033805.0032058,
      {}
    ],
    [
      2,
      null,
      209652396,
      null,
      0.24072988139894136,
      3.8175041675567627,
      1,
      1706033805.0049572,
      1706033808.8230083,
      {}
    ],
    [
      3,
      null,
      209652396,
      null,
      0.23246370458031407,
      15.827099800109863,
      1,
      1706033808.8247485,
      1706033824.6523104,
      {}
    ],
    [
      4,
      null,
      209652396,
      null,
      0.3013864074914532,
      0.8099086284637451,
      1,
      1706033824.6541383,
      1706033825.4644732,
      {}
    ],
    [
      5,
      null,
      209652396,
      null,
      0.23896373831581164,
      6.0599164962768555,
      1,
      1706033825.466418,
      1706033831.5267742,
      {}
    ],
    [
      6,
      null,
      209652396,
      null,
      0.23577969640052,
      5.903003692626953,
      1,
      1706033831.5286868,
      1706033837.432132,
      {}
    ],
    [
      7,
      null,
      209652396,
      null,
      0.23432995576830407,
      10.964444160461426,
      1,
      1706033837.4342008,
      1706033848.3991425,
      {}
    ],
    [
      8,
      null,
      209652396,
      null,
      0.25056176899289595,
      1.626589298248291,
      1,
      1706033848.4012306,
      1706033850.028313,
      {}
    ],
    [
      9,
      null,
      209652396,
      null,
      0.23642777261415726,
      9.465562582015991,
      1,
      1706033850.0303824,
      1706033859.4963748,
      {}
    ],
    [
      10,
      null,
      209652396,
      null,
      0.23813986499752837,
      6.423887729644775,
      1,
      1706033859.4984825,
      1706033865.922803,
      {}
    ],
    [
      11,
      null,
      209652396,
      null,
      0.23338235933088547,
      10.29055643081665,
      1,
      1706033865.9249232,
      1706033876.2159054,
      {}
    ],
    [
      12,
      null,
      209652396,
      null,
      0.2547604596833588,
      0.9686856269836426,
      1,
      1706033876.2181704,
      1706033877.1873357,
      {}
    ],
    [
      13,
      null,
      209652396,
      null,
      0.23903135789810614,
      4.780701160430908,
      1,
      1706033877.3951302,
      1706033882.1762629,
      {}
    ],
    [
      14,
      null,
      209652396,
      null,
      0.23460974958521152,
      4.793263912200928,
      1,
      1706033882.1785948,
      1706033886.9722924,
      {}
    ],
    [
      15,
      null,
      209652396,
      null,
      0.23218090026112959,
      4.72004508972168,
      1,
      1706033886.9746535,
      1706033891.695128,
      {}
    ],
    [
      16,
      null,
      209652396,
      null,
      0.2324069733915498,
      4.730934381484985,
      1,
      1706033891.6974876,
      1706033896.4288764,
      {}
    ],
    [
      17,
      null,
      209652396,
      null,
      0.2337796248059799,
      13.510298490524292,
      1,
      1706033896.431254,
      1706033909.9419992,
      {}
    ],
    [
      18,
      null,
      209652396,
      null,
      0.22681804606699918,
      13.015219926834106,
      1,
      1706033909.944371,
      1706033922.9600515,
      {}
    ],
    [
      19,
      null,
      209652396,
      null,
      0.23697652446299577,
      13.290430307388306,
      1,
      1706033922.962696,
      1706033936.2535498,
      {}
    ],
    [
      20,
      null,
      209652396,
      null,
      0.2290745796804542,
      12.61771297454834,
      1,
      1706033936.2560847,
      1706033948.8742192,
      {}
    ],
    [
      21,
      null,
      209652396,
      null,
      0.22579082176008147,
      8.324212312698364,
      1,
      1706033949.1372635,
      1706033957.4619281,
      {}
    ],
    [
      22,
      null,
      209652396,
      null,
      0.22799894364753603,
      9.624347925186157,
      1,
      1706033957.4645772,
      1706033967.0893903,
      {}
    ],
    [
      23,
      null,
      209652396,
      null,
      0.22866330225285503,
      9.622759580612183,
      1,
      1706033967.092016,
      1706033976.7152677,
      {}
    ],
    [
      24,
      null,
      209652396,
      null,
      0.22941078118259506,
      8.831087112426758,
      1,
      1706033976.717918,
      1706033985.5494633,
      {}
    ],
    [
      25,
      null,
      209652396,
      null,
      0.23045643732596865,
      8.569189310073853,
      1,
      1706033985.5521584,
      1706033994.1217892,
      {}
    ],
    [
      26,
      null,
      209652396,
      null,
      0.23713217149983912,
      7.245823383331299,
      1,
      1706033994.1246648,
      1706034001.3709507,
      {}
    ],
    [
      27,
      null,
      209652396,
      null,
      0.3153374563876655,
      1.198413372039795,
      1,
      1706034001.3738813,
      1706034002.5727556,
      {}
    ],
    [
      28,
      null,
      209652396,
      null,
      0.23411840359731395,
      10.002236604690552,
      1,
      1706034002.5757053,
      1706034012.578403,
      {}
    ],
    [
      29,
      null,
      209652396,
      null,
      0.22219958785413874,
      8.642883062362671,
      1,
      1706034012.8428113,
      1706034021.4861631,
      {}
    ],
    [
      30,
      null,
      209652396,
      null,
      0.2507298937074506,
      1.6119234561920166,
      1,
      1706034021.4894583,
      1706034023.10184,
      {}
    ],
    [
      31,
      null,
      209652396,
      null,
      0.23076659684546252,
      2.599085807800293,
      1,
      1706034023.1055582,
      1706034025.705167,
      {}
    ],
    [
      32,
      null,
      209652396,
      null,
      0.2421133555221482,
      2.1272342205047607,
      1,
      1706034025.7082238,
      1706034027.8359113,
      {}
    ],
    [
      33,
      null,
      209652396,
      null,
      0.24103753496530322,
      2.3401856422424316,
      1,
      1706034027.8390467,
      1706034030.179693,
      {}
    ],
    [
      34,
      null,
      209652396,
      null,
      0.24034618205227487,
      1.7034502029418945,
      1,
      1706034030.182831,
      1706034031.8867397,
      {}
    ],
    [
      35,
      null,
      209652396,
      null,
      0.25096173041456904,
      1.2944972515106201,
      1,
      1706034031.8899844,
      1706034033.1849542,
      {}
    ],
    [
      36,
      null,
      209652396,
      null,
      0.2271414775490156,
      8.665611982345581,
      1,
      1706034033.1881263,
      1706034041.8541903,
      {}
    ],
    [
      37,
      null,
      209652396,
      null,
      0.23529605047755575,
      4.581944465637207,
      1,
      1706034041.8644848,
      1706034046.4468794,
      {}
    ],
    [
      38,
      null,
      209652396,
      null,
      0.22693191551191816,
      7.660468339920044,
      1,
      1706034046.7235756,
      1706034054.3844829,
      {}
    ],
    [
      39,
      null,
      209652396,
      null,
      0.22839069025095105,
      8.10372543334961,
      1,
      1706034054.387825,
      1706034062.4919996,
      {}
    ],
    [
      40,
      null,
      209652396,
      null,
      0.22526594363362007,
      7.647358655929565,
      1,
      1706034062.4954255,
      1706034070.1432464,
      {}
    ],
    [
      41,
      null,
      209652396,
      null,
      0.23036377231188843,
      7.534705400466919,
      1,
      1706034070.146578,
      1706034077.6817126,
      {}
    ],
    [
      42,
      null,
      209652396,
      null,
      0.22750196280733959,
      7.845474004745483,
      1,
      1706034077.6850634,
      1706034085.5309947,
      {}
    ],
    [
      43,
      null,
      209652396,
      null,
      0.24792175045825982,
      1.5530664920806885,
      1,
