{
  "stats": {
    "submitted": 29,
    "finished": 29,
    "running": 0
  },
  "data": [
    [
      1,
      null,
      209652396,
      null,
      0.22932175332744387,
      6.61069917678833,
      1,
      1706033348.0076487,
      1706033354.6187787,
      {}
    ],
    [
      2,
      null,
      209652396,
      null,
      0.23641433417247681,
      16.28636407852173,
      1,
      1706033354.6205487,
      1706033370.9073064,
      {}
    ],
    [
      3,
      null,
      209652396,
      null,
      0.2410098827791355,
      18.268392324447632,
      1,
      1706033370.909013,
      1706033389.177922,
      {}
    ],
    [
      4,
      null,
      209652396,
      null,
      0.23114168106976296,
      4.083250284194946,
      1,
      1706033389.1796963,
      1706033393.2633467,
      {}
    ],
    [
      5,
      null,
      209652396,
      null,
      0.23455962467474867,
      3.107408046722412,
      1,
      1706033393.265054,
      1706033396.3728955,
      {}
    ],
    [
      6,
      null,
      209652396,
      null,
      0.23895063869457456,
      19.687421083450317,
      1,
      1706033396.37469,
      1706033416.0624983,
      {}
    ],
    [
      7,
      null,
      209652396,
      null,
      0.23379738647779125,
      12.174132108688354,
      1,
      1706033416.064319,
      1706033428.2388391,
      {}
    ],
    [
      8,
      null,
      209652396,
      null,
      0.232623638585705,
      10.65988564491272,
      1,
      1706033428.2406702,
      1706033438.9009583,
      {}
    ],
    [
      9,
      null,
      209652396,
      null,
      0.23396191028143332,
      9.452627658843994,
      1,
      1706033438.9028573,
      1706033448.355878,
      {}
    ],
    [
      10,
      null,
      209652396,
      null,
      0.2325486733791451,
      13.600665807723999,
      1,
      1706033448.3579378,
      1706033461.9589922,
      {}
    ],
    [
      11,
      null,
      209652396,
      null,
      0.22864891245161678,
      6.644418478012085,
      1,
      1706033462.083307,
      1706033468.7281313,
      {}
    ],
    [
      12,
      null,
      209652396,
      null,
      0.22849889296664005,
      6.4113404750823975,
      1,
      1706033468.730247,
      1706033475.142044,
      {}
    ],
    [
      13,
      null,
      209652396,
      null,
      0.22908170529990335,
      6.44682240486145,
      1,
      1706033475.1443367,
      1706033481.5915465,
      {}
    ],
    [
      14,
      null,
      209652396,
      null,
      0.22852947698134418,
      6.459527969360352,
      1,
      1706033481.5937562,
      1706033488.053685,
      {}
    ],
    [
      15,
      null,
      209652396,
      null,
      0.22980313578194922,
      5.921562194824219,
      1,
      1706033488.055822,
      1706033493.977766,
      {}
    ],
    [
      16,
      null,
      209652396,
      null,
      0.23069882050695611,
      5.751817226409912,
      1,
      1706033493.9801247,
      1706033499.7323253,
      {}
    ],
    [
      17,
      null,
      209652396,
      null,
      0.2412503929214641,
      21.065730810165405,
      1,
      1706033499.7442305,
      1706033520.8104641,
      {}
    ],
    [
      18,
      null,
      209652396,
      null,
      0.23104502406705452,
      9.051902294158936,
      1,
      1706033520.8127718,
      1706033529.865051,
      {}
    ],
    [
      19,
      null,
      209652396,
      null,
      0.24093562172102811,
      17.901824951171875,
      1,
      1706033529.8708444,
      1706033547.7731237,
      {}
    ],
    [
      20,
      null,
      209652396,
      null,
      0.23784853475378276,
      19.259791135787964,
      1,
      1706033547.8961031,
      1706033567.156269,
      {}
    ],
    [
      21,
      null,
      209652396,
      null,
      0.24057323339193504,
      21.467525243759155,
      1,
      1706033567.1589322,
      1706033588.6268725,
      {}
    ],
    [
      22,
      null,
      209652396,
      null,
      0.24515156694746953,
      1.5260345935821533,
      1,
      1706033588.6295786,
      1706033590.156039,
      {}
    ],
    [
      23,
      null,
      209652396,
      null,
      0.24050521650969947,
      18.119920015335083,
      1,
      1706033590.1682756,
      1706033608.288603,
      {}
    ],
    [
      24,
      null,
      209652396,
      null,
      0.23817354543702562,
      3.1644556522369385,
      1,
      1706033608.291161,
      1706033611.456032,
      {}
    ],
    [
      25,
      null,
      209652396,
      null,
      0.23665406616862938,
      2.954092264175415,
      1,
      1706033611.458772,
      1706033614.4133527,
      {}
    ],
    [
      26,
      null,
      209652396,
      null,
      0.2317472210694178,
      16.104405164718628,
      1,
      1706033614.4165006,
      1706033630.5214107,
      {}
    ],
    [
      27,
      null,
      209652396,
      null,
      0.23912025977318885,
      17.368101835250854,
      1,
      1706033630.6631331,
      1706033648.031627,
      {}
    ],
    [
      28,
      null,
      209652396,
      null,
      0.23627036174855454,
      10.884103298187256,
      1,
      1706033648.0345144,
      1706033658.9190106,
      {}
    ],
    [
      29,
      null,
      209652396,
      null,
      0.23436683127887448,
      13.38295292854309,
      1,
      1706033658.9217324,
      1706033672.3050857,
      {}
    ]
  ],
  "configs": {
    "1": {
      "n_estimators": 60
    },
    "2": {
      "n_estimators": 146
    },
    "3": {
      "n_estimators": 169
    },
    "4": {
      "n_estimators": 37
    },
    "5": {
      "n_estimators": 28
    },
    "6": {
      "n_estimators": 184
    },
    "7": {
      "n_estimators": 113
    },
    "8": {
      "n_estimators": 99
    },
    "9": {
      "n_estimators": 88
    },
    "10": {
      "n_estimators": 126
    },
    "11": {
      "n_estimators": 61
    },
    "12": {
      "n_estimators": 58
    },
    "13": {
      "n_estimators": 56
    },
    "14": {
      "n_estimators": 59
    },
    "15": {
      "n_estimators": 54
    },
    "16": {
      "n_estimators": 52
    },
    "17": {
      "n_estimators": 194
    },
    "18": {
      "n_estimators": 83
    },
    "19": {
      "n_estimators": 161
    },
    "20": {
      "n_estimators": 176
    },
    "21": {
      "n_estimators": 196
    },
    "22": {
      "n_estimators": 13
    },
    "23": {
      "n_estimators": 162
    },
    "24": {
      "n_estimators": 26
    },
    "25": {
      "n_estimators": 23
    },
    "26": {
      "n_estimators": 133
    },
    "27": {
      "n_estimators": 157
    },
    "28": {
      "n_estimators": 97
    },
    "29": {
      "n_estimators": 118
    }
  },
  "config_origins": {
    "1": "Initial Design: Sobol",
    "2": "Initial Design: Sobol",
    "3": "Initial Design: Sobol",
    "4": "Initial Design: Sobol",
    "5": "Initial Design: Sobol",
    "6": "Initial Design: Sobol",
    "7": "Initial Design: Sobol",
    "8": "Initial Design: Sobol",
    "9": "Initial Design: Sobol",
    "10": "Initial Design: Sobol",
    "11": "Acquisition Function Maximizer: Local Search",
    "12": "Acquisition Function Maximizer: Local Search",
    "13": "Acquisition Function Maximizer: Local Search",
    "14": "Acquisition Function Maximizer: Local Search",
    "15": "Acquisition Function Maximizer: Local Search",
    "16": "Acquisition Function Maximizer: Local Search",
    "17": "Random Search",
    "18": "Random Search",
    "19": "Random Search",
    "20": "Random Search",
    "21": "Random Search",
    "22": "Acquisition Function Maximizer: Random Search (sorted)",
    "23": "Random Search",
    "24": "Acquisition Function Maximizer: Random Search (sorted)",
    "25": "Acquisition Function Maximizer: Random Search (sorted)",
    "26": "Acquisition Function Maximizer: Local Search",
    "27": "Random Search",
    "28": "Random Search",
    "29": "Random Search"
  }
}