{
  "stats": {
    "submitted": 50,
    "finished": 50,
    "running": 0
  },
  "data": [
    [
      1,
      null,
      209652396,
      null,
      0.22153786858178337,
      2.7245349884033203,
      1,
      1706027942.8317587,
      1706027945.556777,
      {}
    ],
    [
      2,
      null,
      209652396,
      null,
      0.2184607283127128,
      1.2400732040405273,
      1,
      1706027945.5586627,
      1706027946.7991788,
      {}
    ],
    [
      3,
      null,
      209652396,
      null,
      0.2156640226025326,
      4.125741243362427,
      1,
      1706027946.801282,
      1706027950.9275906,
      {}
    ],
    [
      4,
      null,
      209652396,
      null,
      0.49052251171168426,
      0.707568883895874,
      1,
      1706027950.929682,
      1706027951.6377678,
      {}
    ],
    [
      5,
      null,
      209652396,
      null,
      0.22319956655467377,
      4.035146236419678,
      1,
      1706027951.6399643,
      1706027955.6756928,
      {}
    ],
    [
      6,
      null,
      209652396,
      null,
      0.21816480738420496,
      1.5008659362792969,
      1,
      1706027955.6777246,
      1706027957.1790285,
      {}
    ],
    [
      7,
      null,
      209652396,
      null,
      0.21341048200741075,
      3.6214208602905273,
      1,
      1706027957.1810594,
      1706027960.8030536,
      {}
    ],
    [
      8,
      null,
      209652396,
      null,
      0.224004995922076,
      0.6741039752960205,
      1,
      1706027960.8052263,
      1706027961.4798107,
      {}
    ],
    [
      9,
      null,
      209652396,
      null,
      0.21869734499511007,
      4.35944128036499,
      1,
      1706027961.4820282,
      1706027965.8418894,
      {}
    ],
    [
      10,
      null,
      209652396,
      null,
      0.21860450031955292,
      2.4436211585998535,
      1,
      1706027965.844091,
      1706027968.288203,
      {}
    ],
    [
      11,
      null,
      209652396,
      null,
      0.20837018454208445,
      2.9334633350372314,
      1,
      1706027968.291044,
      1706027971.2251015,
      {}
    ],
    [
      12,
      null,
      209652396,
      null,
      0.24190116768369574,
      0.6348171234130859,
      1,
      1706027971.2275255,
      1706027971.862783,
      {}
    ],
    [
      13,
      null,
      209652396,
      null,
      0.21632049894204375,
      3.1031250953674316,
      1,
      1706027972.071864,
      1706027975.1754267,
      {}
    ],
    [
      14,
      null,
      209652396,
      null,
      0.21655937794128288,
      3.2261390686035156,
      1,
      1706027975.1779099,
      1706027978.4044828,
      {}
    ],
    [
      15,
      null,
      209652396,
      null,
      0.21634865984547635,
      3.2033448219299316,
      1,
      1706027978.4069226,
      1706027981.6107497,
      {}
    ],
    [
      16,
      null,
      209652396,
      null,
      0.2167161664477183,
      3.2500298023223877,
      1,
      1706027981.6132383,
      1706027984.8638208,
      {}
    ],
    [
      17,
      null,
      209652396,
      null,
      0.21655937794128288,
      3.199971914291382,
      1,
      1706027984.8664317,
      1706027988.0669053,
      {}
    ],
    [
      18,
      null,
      209652396,
      null,
      0.2158250028168286,
      3.3611700534820557,
      1,
      1706027988.0699286,
      1706027991.4316225,
      {}
    ],
    [
      19,
      null,
      209652396,
      null,
      0.21048128862236448,
      2.8339273929595947,
      1,
      1706027991.4342823,
      1706027994.268626,
      {}
    ],
    [
      20,
      null,
      209652396,
      null,
      0.21522814781447352,
      2.911699056625366,
      1,
      1706027994.271456,
      1706027997.183692,
      {}
    ],
    [
      21,
      null,
      209652396,
      null,
      0.21070477923426123,
      2.677129030227661,
      1,
      1706027997.406865,
      1706028000.0844212,
      {}
    ],
    [
      22,
      null,
      209652396,
      null,
      0.2129702736396657,
      2.591608762741089,
      1,
      1706028000.087513,
      1706028002.679542,
      {}
    ],
    [
      23,
      null,
      209652396,
      null,
      0.20875466696465095,
      2.5452380180358887,
      1,
      1706028002.6824973,
      1706028005.2281544,
      {}
    ],
    [
      24,
      null,
      209652396,
      null,
      0.21421071862422048,
      2.8273777961730957,
      1,
      1706028005.231208,
      1706028008.0590434,
      {}
    ],
    [
      25,
      null,
      209652396,
      null,
      0.4982546293520196,
      1.0448126792907715,
      1,
      1706028008.0618997,
      1706028009.10717,
      {}
    ],
    [
      26,
      null,
      209652396,
      null,
      0.21819162717349783,
      3.2998974323272705,
      1,
      1706028009.1107554,
      1706028012.4111853,
      {}
    ],
    [
      27,
      null,
      209652396,
      null,
      0.21271301468754922,
      2.572613000869751,
      1,
      1706028012.4141414,
      1706028014.9872577,
      {}
    ],
    [
      28,
      null,
      209652396,
      null,
      0.214147171423547,
      2.1687166690826416,
      1,
      1706028014.9901342,
      1706028017.159279,
      {}
    ],
    [
      29,
      null,
      209652396,
      null,
      0.20837018454208445,
      2.701592445373535,
      1,
      1706028017.3915443,
      1706028020.0935638,
      {}
    ],
    [
      30,
      null,
      209652396,
      null,
      0.22797663515734812,
      0.7905635833740234,
      1,
      1706028020.0971541,
      1706028020.888237,
      {}
    ],
    [
      31,
      null,
      209652396,
      null,
      0.21899787293283313,
      1.463942289352417,
      1,
      1706028020.891547,
      1706028022.3559117,
      {}
    ],
    [
      32,
      null,
      209652396,
      null,
      0.21130539931117276,
      2.6693007946014404,
      1,
      1706028022.3594732,
      1706028025.029199,
      {}
    ],
    [
      33,
      null,
      209652396,
      null,
      0.22088276601706736,
      1.376537799835205,
      1,
      1706028025.0330148,
      1706028026.4100792,
      {}
    ],
    [
      34,
      null,
      209652396,
      null,
      0.2325847694694626,
      2.3134679794311523,
      1,
      1706028026.4130971,
      1706028028.7270715,
      {}
    ],
    [
      35,
      null,
      209652396,
      null,
      0.24013417832320805,
      0.4393596649169922,
      1,
      1706028028.7307491,
      1706028029.170551,
      {}
    ],
    [
      36,
      null,
      209652396,
      null,
      0.22008701290128418,
      1.6540460586547852,
      1,
      1706028029.1737063,
      1706028030.8281796,
      {}
    ],
    [
      37,
      null,
      209652396,
      null,
      0.20837018454208445,
      2.70786190032959,
      1,
      1706028031.057448,
      1706028033.765734,
      {}
    ],
    [
      38,
      null,
      209652396,
      null,
      0.20837018454208445,
      2.7388668060302734,
      1,
      1706028033.7690551,
      1706028036.5083919,
      {}
    ],
    [
      39,
      null,
      209652396,
      null,
      0.23500612371504348,
      0.763124942779541,
      1,
      1706028036.5124698,
      1706028037.2760346,
      {}
    ],
    [
      40,
      null,
      209652396,
      null,
      0.20837018454208445,
      2.7015340328216553,
      1,
      1706028037.2792604,
      1706028039.9812808,
      {}
    ],
    [
      41,
      null,
      209652396,
      null,
      0.20837018454208445,
      2.7460832595825195,
      1,
      1706028039.9862983,
      1706028042.7328317,
      {}
    ],
    [
      42,
      null,
      209652396,
      null,
      0.21134008660905956,
      3.049245595932007,
      1,
      1706028042.7363536,
      1706028045.7860193,
      {}
    ],
    [
      43,
      null,
      209652396,
      null,
      0.3181781427244358,
      1.2393198013305664,
