{
  "stats": {
    "submitted": 17,
    "finished": 16,
    "running": 1
  },
  "data": [
    [
      1,
      null,
      209652396,
      null,
      0.2130530112321306,
      1.2810306549072266,
      1,
      1706032471.9391642,
      1706032473.2206516,
      {}
    ],
    [
      2,
      null,
      209652396,
      null,
      0.21412038989486515,
      0.5318388938903809,
      1,
      1706032473.222452,
      1706032473.7547626,
      {}
    ],
    [
      3,
      null,
      209652396,
      null,
      0.21039982488183406,
      1.593078374862671,
      1,
      1706032473.7565382,
      1706032475.3500404,
      {}
    ],
    [
      4,
      null,
      209652396,
      null,
      0.20938404118628573,
      0.8720898628234863,
      1,
      1706032475.3520198,
      1706032476.2245371,
      {}
    ],
    [
      5,
      null,
      209652396,
      null,
      0.2178448847526534,
      1.7937381267547607,
      1,
      1706032476.22657,
      1706032478.0207648,
      {}
    ],
    [
      6,
      null,
      209652396,
      null,
      0.21649141158129837,
      0.6404209136962891,
      1,
      1706032478.0228007,
      1706032478.663665,
      {}
    ],
    [
      7,
      null,
      209652396,
      null,
      0.21737866847622023,
      1.4504518508911133,
      1,
      1706032478.6657445,
      1706032480.1166556,
      {}
    ],
    [
      8,
      null,
      209652396,
      null,
      0.2224349218931735,
      0.31673216819763184,
      1,
      1706032480.1187391,
      1706032480.4359317,
      {}
    ],
    [
      9,
      null,
      209652396,
      null,
      0.2145073552359703,
      1.6428627967834473,
      1,
      1706032480.4384441,
      1706032482.0817406,
      {}
    ],
    [
      10,
      null,
      209652396,
      null,
      0.21074361151780485,
      0.9408793449401855,
      1,
      1706032482.0840297,
      1706032483.025397,
      {}
    ],
    [
      11,
      null,
      209652396,
      null,
      0.2176191368817959,
      1.1097054481506348,
      1,
      1706032483.0275292,
      1706032484.1376576,
      {}
    ],
    [
      12,
      null,
      209652396,
      null,
      0.20765672226499854,
      0.39795446395874023,
      1,
      1706032484.1399188,
      1706032484.5383008,
      {}
    ],
    [
      13,
      null,
      209652396,
      null,
      0.20757681298085695,
      0.7732512950897217,
      1,
      1706032484.7729867,
      1706032485.5467324,
      {}
    ],
    [
      14,
      null,
      209652396,
      null,
      0.21366428153198247,
      0.6943371295928955,
      1,
      1706032485.5490973,
      1706032486.243905,
      {}
    ],
    [
      15,
      null,
      209652396,
      null,
      0.21165492251497775,
      0.8309512138366699,
      1,
      1706032486.2463634,
      1706032487.0777435,
      {}
    ],
    [
      16,
      null,
      209652396,
      null,
      0.2158561168839187,
      0.9995086193084717,
      1,
      1706032487.080236,
      1706032488.0801885,
      {}
    ],
    [
      17,
      null,
      209652396,
      null,
      2147483647.0,
      0.0,
      0,
      0.0,
      0.0,
      {}
    ]
  ],
  "configs": {
    "1": {
      "max_depth": 9,
      "n_estimators": 128
    },
    "2": {
      "max_depth": 21,
      "n_estimators": 50
    },
    "3": {
      "max_depth": 29,
      "n_estimators": 163
    },
    "4": {
      "max_depth": 1,
      "n_estimators": 85
    },
    "5": {
      "max_depth": 8,
      "n_estimators": 187
    },
    "6": {
      "max_depth": 28,
      "n_estimators": 62
    },
    "7": {
      "max_depth": 20,
      "n_estimators": 151
    },
    "8": {
      "max_depth": 16,
      "n_estimators": 26
    },
    "9": {
      "max_depth": 14,
      "n_estimators": 173
    },
    "10": {
      "max_depth": 18,
      "n_estimators": 95
    },
    "11": {
      "max_depth": 26,
      "n_estimators": 112
    },
    "12": {
      "max_depth": 6,
      "n_estimators": 34
    },
    "13": {
      "max_depth": 5,
      "n_estimators": 76
    },
    "14": {
      "max_depth": 5,
      "n_estimators": 68
    },
    "15": {
      "max_depth": 5,
      "n_estimators": 83
    },
    "16": {
      "max_depth": 6,
      "n_estimators": 100
    },
    "17": {
      "max_depth": 6,
      "n_estimators": 95
    }
  },
  "config_origins": {
    "1": "Initial Design: Sobol",
    "2": "Initial Design: Sobol",
    "3": "Initial Design: Sobol",
    "4": "Initial Design: Sobol",
    "5": "Initial Design: Sobol",
    "6": "Initial Design: Sobol",
    "7": "Initial Design: Sobol",
    "8": "Initial Design: Sobol",
    "9": "Initial Design: Sobol",
    "10": "Initial Design: Sobol",
    "11": "Initial Design: Sobol",
    "12": "Initial Design: Sobol",
    "13": "Acquisition Function Maximizer: Local Search",
    "14": "Acquisition Function Maximizer: Local Search",
    "15": "Acquisition Function Maximizer: Local Search",
    "16": "Acquisition Function Maximizer: Local Search",
    "17": "Acquisition Function Maximizer: Local Search"
  }
}