{
  "stats": {
    "submitted": 22,
    "finished": 22,
    "running": 0
  },
  "data": [
    [
      1,
      null,
      209652396,
      null,
      0.28632716461498087,
      1.6131103038787842,
      1,
      1706032891.832017,
      1706032893.4455476,
      {}
    ],
    [
      2,
      null,
      209652396,
      null,
      0.2772067579674189,
      3.7701072692871094,
      1,
      1706032893.4472134,
      1706032897.2177086,
      {}
    ],
    [
      3,
      null,
      209652396,
      null,
      0.2790287918315947,
      4.297479152679443,
      1,
      1706032897.2195013,
      1706032901.5173883,
      {}
    ],
    [
      4,
      null,
      209652396,
      null,
      0.2752604184914388,
      0.9792976379394531,
      1,
      1706032901.5190647,
      1706032902.498756,
      {}
    ],
    [
      5,
      null,
      209652396,
      null,
      0.2841281678744402,
      0.7591936588287354,
      1,
      1706032902.5006297,
      1706032903.2602053,
      {}
    ],
    [
      6,
      null,
      209652396,
      null,
      0.2812805484194165,
      4.584352493286133,
      1,
      1706032903.2620542,
      1706032907.8468084,
      {}
    ],
    [
      7,
      null,
      209652396,
      null,
      0.27713698274097387,
      2.867321252822876,
      1,
      1706032907.8486593,
      1706032910.716378,
      {}
    ],
    [
      8,
      null,
      209652396,
      null,
      0.2768364793865623,
      2.5773465633392334,
      1,
      1706032910.7183952,
      1706032913.2961502,
      {}
    ],
    [
      9,
      null,
      209652396,
      null,
      0.2759631376888039,
      2.265172243118286,
      1,
      1706032913.2981572,
      1706032915.563748,
      {}
    ],
    [
      10,
      null,
      209652396,
      null,
      0.27600249990811454,
      3.63352632522583,
      1,
      1706032915.5658238,
      1706032919.1998708,
      {}
    ],
    [
      11,
      null,
      209652396,
      null,
      0.28270819707316475,
      1.0354037284851074,
      1,
      1706032919.3078527,
      1706032920.3436306,
      {}
    ],
    [
      12,
      null,
      209652396,
      null,
      0.27927572446859616,
      0.9390661716461182,
      1,
      1706032920.3456917,
      1706032921.2851355,
      {}
    ],
    [
      13,
      null,
      209652396,
      null,
      0.27833269891841894,
      1.914815902709961,
      1,
      1706032921.2872338,
      1706032923.2025034,
      {}
    ],
    [
      14,
      null,
      209652396,
      null,
      0.27808527001117844,
      2.3091697692871094,
      1,
      1706032923.2048771,
      1706032925.5144699,
      {}
    ],
    [
      15,
      null,
      209652396,
      null,
      0.2741299232311787,
      3.440234899520874,
      1,
      1706032925.516651,
      1706032928.9573135,
      {}
    ],
    [
      16,
      null,
      209652396,
      null,
      0.27490614182194384,
      3.223496437072754,
      1,
      1706032928.9597788,
      1706032932.1836958,
      {}
    ],
    [
      17,
      null,
      209652396,
      null,
      0.27270389634288095,
      3.302603006362915,
      1,
      1706032932.186574,
      1706032935.4895744,
      {}
    ],
    [
      18,
      null,
      209652396,
      null,
      0.2734562441117804,
      3.3034262657165527,
      1,
      1706032935.4920135,
      1706032938.7958226,
      {}
    ],
    [
      19,
      null,
      209652396,
      null,
      0.2979940556459638,
      0.39122843742370605,
      1,
      1706032938.9329998,
      1706032939.32468,
      {}
    ],
    [
      20,
      null,
      209652396,
      null,
      0.26862033023182996,
      3.9533514976501465,
      1,
      1706032939.327231,
      1706032943.2809634,
      {}
    ],
    [
      21,
      null,
      209652396,
      null,
      0.2830778803174697,
      4.413218259811401,
      1,
      1706032943.284163,
      1706032947.697834,
      {}
    ],
    [
      22,
      null,
      209652396,
      null,
      0.2827157639547895,
      4.898810386657715,
      1,
      1706032947.7006462,
      1706032952.5999417,
      {}
    ]
  ],
  "configs": {
    "1": {
      "n_estimators": 60
    },
    "2": {
      "n_estimators": 146
    },
    "3": {
      "n_estimators": 169
    },
    "4": {
      "n_estimators": 37
    },
    "5": {
      "n_estimators": 28
    },
    "6": {
      "n_estimators": 184
    },
    "7": {
      "n_estimators": 113
    },
    "8": {
      "n_estimators": 99
    },
    "9": {
      "n_estimators": 88
    },
    "10": {
      "n_estimators": 126
    },
    "11": {
      "n_estimators": 39
    },
    "12": {
      "n_estimators": 35
    },
    "13": {
      "n_estimators": 74
    },
    "14": {
      "n_estimators": 90
    },
    "15": {
      "n_estimators": 133
    },
    "16": {
      "n_estimators": 127
    },
    "17": {
      "n_estimators": 132
    },
    "18": {
      "n_estimators": 130
    },
    "19": {
      "n_estimators": 13
    },
    "20": {
      "n_estimators": 158
    },
    "21": {
      "n_estimators": 176
    },
    "22": {
      "n_estimators": 196
    }
  },
  "config_origins": {
    "1": "Initial Design: Sobol",
    "2": "Initial Design: Sobol",
    "3": "Initial Design: Sobol",
    "4": "Acquisition Function Maximizer: Local Search",
    "5": "Initial Design: Sobol",
    "6": "Initial Design: Sobol",
    "7": "Initial Design: Sobol",
    "8": "Initial Design: Sobol",
    "9": "Initial Design: Sobol",
    "10": "Initial Design: Sobol",
    "11": "Acquisition Function Maximizer: Local Search",
    "12": "Acquisition Function Maximizer: Local Search",
    "13": "Acquisition Function Maximizer: Local Search",
    "14": "Acquisition Function Maximizer: Random Search (sorted)",
    "15": "Acquisition Function Maximizer: Random Search (sorted)",
    "16": "Acquisition Function Maximizer: Local Search",
    "17": "Acquisition Function Maximizer: Local Search",
    "18": "Acquisition Function Maximizer: Local Search",
    "19": "Random Search",
    "20": "Random Search",
    "21": "Random Search",
    "22": "Random Search"
  }
}