{
  "stats": {
    "submitted": 53,
    "finished": 52,
    "running": 1
  },
  "data": [
    [
      1,
      null,
      209652396,
      null,
      0.22153786858178337,
      2.7283334732055664,
      1,
      1706027813.0411623,
      1706027815.7700179,
      {}
    ],
    [
      2,
      null,
      209652396,
      null,
      0.2184607283127128,
      1.2610905170440674,
      1,
      1706027815.7719238,
      1706027817.0334475,
      {}
    ],
    [
      3,
      null,
      209652396,
      null,
      0.2156640226025326,
      3.909775972366333,
      1,
      1706027817.0353854,
      1706027820.9456186,
      {}
    ],
    [
      4,
      null,
      209652396,
      null,
      0.49052251171168426,
      0.7032876014709473,
      1,
      1706027820.947667,
      1706027821.6513956,
      {}
    ],
    [
      5,
      null,
      209652396,
      null,
      0.22319956655467377,
      4.004106283187866,
      1,
      1706027821.6535172,
      1706027825.658083,
      {}
    ],
    [
      6,
      null,
      209652396,
      null,
      0.21816480738420496,
      1.5108628273010254,
      1,
      1706027825.6601884,
      1706027827.171511,
      {}
    ],
    [
      7,
      null,
      209652396,
      null,
      0.21341048200741075,
      3.5921192169189453,
      1,
      1706027827.1736941,
      1706027830.7662725,
      {}
    ],
    [
      8,
      null,
      209652396,
      null,
      0.224004995922076,
      0.6942276954650879,
      1,
      1706027830.7684913,
      1706027831.4631813,
      {}
    ],
    [
      9,
      null,
      209652396,
      null,
      0.21869734499511007,
      4.050716161727905,
      1,
      1706027831.4655912,
      1706027835.5167375,
      {}
    ],
    [
      10,
      null,
      209652396,
      null,
      0.21860450031955292,
      2.3337807655334473,
      1,
      1706027835.5190122,
      1706027837.8532484,
      {}
    ],
    [
      11,
      null,
      209652396,
      null,
      0.20837018454208445,
      2.7101376056671143,
      1,
      1706027837.8557549,
      1706027840.5663915,
      {}
    ],
    [
      12,
      null,
      209652396,
      null,
      0.24190116768369574,
      0.622657060623169,
      1,
      1706027840.5688243,
      1706027841.1919036,
      {}
    ],
    [
      13,
      null,
      209652396,
      null,
      0.32582600751132806,
      1.6171233654022217,
      1,
      1706027841.19432,
      1706027842.8118708,
      {}
    ],
    [
      14,
      null,
      209652396,
      null,
      0.25147777351942224,
      0.32665348052978516,
      1,
      1706027842.8143036,
      1706027843.141447,
      {}
    ],
    [
      15,
      null,
      209652396,
      null,
      0.21199699205843725,
      4.917353868484497,
      1,
      1706027843.143902,
      1706027848.0617356,
      {}
    ],
    [
      16,
      null,
      209652396,
      null,
      0.23535780535997752,
      1.6163544654846191,
      1,
      1706027848.0641956,
      1706027849.6811142,
      {}
    ],
    [
      17,
      null,
      209652396,
      null,
      0.2165978239159787,
      4.342265605926514,
      1,
      1706027849.6838067,
      1706027854.0264971,
      {}
    ],
    [
      18,
      null,
      209652396,
      null,
      0.21687695566411824,
      1.822641372680664,
      1,
      1706027854.0289953,
      1706027855.8521466,
      {}
    ],
    [
      19,
      null,
      209652396,
      null,
      0.21655937794128288,
      3.145204544067383,
      1,
      1706027855.855239,
      1706027859.0009205,
      {}
    ],
    [
      20,
      null,
      209652396,
      null,
      0.28631022916782456,
      0.30413174629211426,
      1,
      1706027859.0037394,
      1706027859.308297,
      {}
    ],
    [
      21,
      null,
      209652396,
      null,
      0.2127650868881451,
      2.7630562782287598,
      1,
      1706027859.5367215,
      1706027862.3001995,
      {}
    ],
    [
      22,
      null,
      209652396,
      null,
      0.214379427640222,
      3.190157175064087,
      1,
      1706027862.3030384,
      1706027865.4936154,
      {}
    ],
    [
      23,
      null,
      209652396,
      null,
      0.2105253884190269,
      2.807034730911255,
      1,
      1706027865.4964075,
      1706027868.3038812,
      {}
    ],
    [
      24,
      null,
      209652396,
      null,
      0.21340220290096246,
      2.7497236728668213,
      1,
      1706027868.3066726,
      1706027871.0568173,
      {}
    ],
    [
      25,
      null,
      209652396,
      null,
      0.21070477923426123,
      2.650169849395752,
      1,
      1706027871.0596216,
      1706027873.7102623,
      {}
    ],
    [
      26,
      null,
      209652396,
      null,
      0.21852354537685115,
      2.3132362365722656,
      1,
      1706027873.7135403,
      1706027876.027203,
      {}
    ],
    [
      27,
      null,
      209652396,
      null,
      0.2129702736396657,
      2.521228790283203,
      1,
      1706027876.0302875,
      1706027878.5519369,
      {}
    ],
    [
      28,
      null,
      209652396,
      null,
      0.21553573372756873,
      2.375765323638916,
      1,
      1706027878.555027,
      1706027880.9312453,
      {}
    ],
    [
      29,
      null,
      209652396,
      null,
      0.20837018454208445,
      2.916738271713257,
      1,
      1706027881.1766376,
      1706027884.093796,
      {}
    ],
    [
      30,
      null,
      209652396,
      null,
      0.21421071862422048,
      2.7573158740997314,
      1,
      1706027884.0972528,
      1706027886.8550434,
      {}
    ],
    [
      31,
      null,
      209652396,
      null,
      0.4982546293520196,
      1.0003283023834229,
      1,
      1706027886.858492,
      1706027887.8592587,
      {}
    ],
    [
      32,
      null,
      209652396,
      null,
      0.21819162717349783,
      3.0076236724853516,
      1,
      1706027887.8627632,
      1706027890.8708804,
      {}
    ],
    [
      33,
      null,
      209652396,
      null,
      0.20837018454208445,
      2.6455740928649902,
      1,
      1706027890.8744993,
      1706027893.520525,
      {}
    ],
    [
      34,
      null,
      209652396,
      null,
      0.21533079585906534,
      3.2742257118225098,
      1,
      1706027893.5246816,
      1706027896.7993565,
      {}
    ],
    [
      35,
      null,
      209652396,
      null,
      0.21819168328825067,
      2.1356301307678223,
      1,
      1706027896.8029475,
      1706027898.9390295,
      {}
    ],
    [
      36,
      null,
      209652396,
      null,
      0.21070477923426123,
      2.6623401641845703,
      1,
      1706027898.9423325,
      1706027901.6051307,
      {}
    ],
    [
      37,
      null,
      209652396,
      null,
      0.22088276601706736,
      1.5314416885375977,
      1,
      1706027901.8801682,
      1706027903.4121659,
      {}
    ],
    [
      38,
      null,
      209652396,
      null,
      0.21905139464985013,
      1.4546315670013428,
      1,
      1706027903.4165895,
      1706027904.8717115,
      {}
    ],
    [
      39,
      null,
      209652396,
      null,
      0.22309483647214512,
      1.1151494979858398,
      1,
      1706027904.8845112,
      1706027906.0000956,
      {}
    ],
    [
      40,
      null,
      209652396,
      null,
      0.21258413173411894,
      2.6850860118865967,
      1,
      1706027906.0037084,
      1706027908.689243,
      {}
    ],
    [
      41,
      null,
      209652396,
      null,
      0.2112235291152229,
      2.655272960662842,
      1,
      1706027908.6925228,
      1706027911.3482153,
      {}
    ],
    [
      42,
      null,
      209652396,
      null,
      0.2420708584547857,
      0.5604410171508789,
      1,
      1706027911.351854,
      1706027911.9127467,
      {}
    ],
    [
      43,
      null,
      209652396,
      null,
      0.21871197208643334,
