{
  "stats": {
    "submitted": 29,
    "finished": 29,
    "running": 0
  },
  "data": [
    [
      1,
      null,
      209652396,
      null,
      0.21905139464985013,
      1.551469326019287,
      1,
      1706028092.523391,
      1706028094.0753229,
      {}
    ],
    [
      2,
      null,
      209652396,
      null,
      0.21634703230384034,
      3.536604166030884,
      1,
      1706028094.0773418,
      1706028097.6143968,
      {}
    ],
    [
      3,
      null,
      209652396,
      null,
      0.2146549266707014,
      4.261567831039429,
      1,
      1706028097.6162338,
      1706028101.8782048,
      {}
    ],
    [
      4,
      null,
      209652396,
      null,
      0.22311832582925328,
      0.9233012199401855,
      1,
      1706028101.8897746,
      1706028102.8134801,
      {}
    ],
    [
      5,
      null,
      209652396,
      null,
      0.22929040829202596,
      0.7158908843994141,
      1,
      1706028102.8153355,
      1706028103.5316398,
      {}
    ],
    [
      6,
      null,
      209652396,
      null,
      0.21187794815302097,
      4.309762954711914,
      1,
      1706028103.5335174,
      1706028107.8436937,
      {}
    ],
    [
      7,
      null,
      209652396,
      null,
      0.2127650868881451,
      2.6759164333343506,
      1,
      1706028107.8457997,
      1706028110.5221038,
      {}
    ],
    [
      8,
      null,
      209652396,
      null,
      0.21711795071280915,
      2.363943338394165,
      1,
      1706028110.5240195,
      1706028112.8884008,
      {}
    ],
    [
      9,
      null,
      209652396,
      null,
      0.21229762689002973,
      2.1008381843566895,
      1,
      1706028112.8905058,
      1706028114.991785,
      {}
    ],
    [
      10,
      null,
      209652396,
      null,
      0.21741139207856985,
      3.2620153427124023,
      1,
      1706028114.9939706,
      1706028118.2563806,
      {}
    ],
    [
      11,
      null,
      209652396,
      null,
      0.21095826686133,
      4.386707782745361,
      1,
      1706028118.36678,
      1706028122.753873,
      {}
    ],
    [
      12,
      null,
      209652396,
      null,
      0.2126974704822232,
      4.616870641708374,
      1,
      1706028122.7560575,
      1706028127.3733122,
      {}
    ],
    [
      13,
      null,
      209652396,
      null,
      0.21110235661726162,
      4.634264945983887,
      1,
      1706028127.375503,
      1706028132.010154,
      {}
    ],
    [
      14,
      null,
      209652396,
      null,
      0.21272803699155918,
      4.3256824016571045,
      1,
      1706028132.0124037,
      1706028136.3385088,
      {}
    ],
    [
      15,
      null,
      209652396,
      null,
      0.2158041979273161,
      2.06327748298645,
      1,
      1706028136.3407075,
      1706028138.4043672,
      {}
    ],
    [
      16,
      null,
      209652396,
      null,
      0.21310953310436598,
      2.3377978801727295,
      1,
      1706028138.406656,
      1706028140.7448347,
      {}
    ],
    [
      17,
      null,
      209652396,
      null,
      0.21599674873924923,
      2.1227335929870605,
      1,
      1706028140.7565897,
      1706028142.8797076,
      {}
    ],
    [
      18,
      null,
      209652396,
      null,
      0.21129064821583954,
      4.622473239898682,
      1,
      1706028142.8826268,
      1706028147.505499,
      {}
    ],
    [
      19,
      null,
      209652396,
      null,
      0.21895240091678203,
      2.014355421066284,
      1,
      1706028147.511358,
      1706028149.5261126,
      {}
    ],
    [
      20,
      null,
      209652396,
      null,
      0.21269496724993964,
      3.874880075454712,
      1,
      1706028149.528598,
      1706028153.4038541,
      {}
    ],
    [
      21,
      null,
      209652396,
      null,
      0.21189682272090926,
      4.25385594367981,
      1,
      1706028153.5251825,
      1706028157.779452,
      {}
    ],
    [
      22,
      null,
      209652396,
      null,
      0.21110235661726162,
      4.938657999038696,
      1,
      1706028157.7821035,
      1706028162.72117,
      {}
    ],
    [
      23,
      null,
      209652396,
      null,
      0.2127710274296456,
      4.458916187286377,
      1,
      1706028162.7237194,
      1706028167.1830304,
      {}
    ],
    [
      24,
      null,
      209652396,
      null,
      0.21368416764150844,
      2.2333528995513916,
      1,
      1706028167.1855757,
      1706028169.4193523,
      {}
    ],
    [
      25,
      null,
      209652396,
      null,
      0.21141155871873163,
      2.2141551971435547,
      1,
      1706028169.4219658,
      1706028171.6365354,
      {}
    ],
    [
      26,
      null,
      209652396,
      null,
      0.21679434042819734,
      2.854689598083496,
      1,
      1706028171.6392832,
      1706028174.494405,
      {}
    ],
    [
      27,
      null,
      209652396,
      null,
      0.21291007046505206,
      3.8652617931365967,
      1,
      1706028174.5021293,
      1706028178.3677878,
      {}
    ],
    [
      28,
      null,
      209652396,
      null,
      0.21478004387195537,
      4.0845947265625,
      1,
      1706028178.4897914,
      1706028182.5747578,
      {}
    ],
    [
      29,
      null,
      209652396,
      null,
      0.21025623227299306,
      4.5148234367370605,
      1,
      1706028182.5774984,
      1706028187.0927062,
      {}
    ]
  ],
  "configs": {
    "1": {
      "n_estimators": 60
    },
    "2": {
      "n_estimators": 146
    },
    "3": {
      "n_estimators": 169
    },
    "4": {
      "n_estimators": 37
    },
    "5": {
      "n_estimators": 28
    },
    "6": {
      "n_estimators": 184
    },
    "7": {
      "n_estimators": 113
    },
    "8": {
      "n_estimators": 99
    },
    "9": {
      "n_estimators": 88
    },
    "10": {
      "n_estimators": 126
    },
    "11": {
      "n_estimators": 185
    },
    "12": {
      "n_estimators": 193
    },
    "13": {
      "n_estimators": 195
    },
    "14": {
      "n_estimators": 180
    },
    "15": {
      "n_estimators": 85
    },
    "16": {
      "n_estimators": 86
    },
    "17": {
      "n_estimators": 87
    },
    "18": {
      "n_estimators": 194
    },
    "19": {
      "n_estimators": 83
    },
    "20": {
      "n_estimators": 161
    },
    "21": {
      "n_estimators": 176
    },
    "22": {
      "n_estimators": 196
    },
    "23": {
      "n_estimators": 186
    },
    "24": {
      "n_estimators": 92
    },
    "25": {
      "n_estimators": 91
    },
    "26": {
      "n_estimators": 118
    },
    "27": {
      "n_estimators": 162
    },
    "28": {
      "n_estimators": 157
    },
    "29": {
      "n_estimators": 190
    }
  },
  "config_origins": {
    "1": "Initial Design: Sobol",
    "2": "Initial Design: Sobol",
    "3": "Initial Design: Sobol",
    "4": "Initial Design: Sobol",
    "5": "Initial Design: Sobol",
    "6": "Initial Design: Sobol",
    "7": "Initial Design: Sobol",
    "8": "Initial Design: Sobol",
    "9": "Initial Design: Sobol",
    "10": "Initial Design: Sobol",
    "11": "Acquisition Function Maximizer: Local Search",
    "12": "Acquisition Function Maximizer: Local Search",
    "13": "Acquisition Function Maximizer: Local Search",
    "14": "Acquisition Function Maximizer: Random Search (sorted)",
    "15": "Acquisition Function Maximizer: Local Search",
    "16": "Acquisition Function Maximizer: Local Search",
    "17": "Acquisition Function Maximizer: Local Search",
    "18": "Random Search",
    "19": "Random Search",
    "20": "Random Search",
    "21": "Random Search",
    "22": "Random Search",
    "23": "Acquisition Function Maximizer: Random Search (sorted)",
    "24": "Acquisition Function Maximizer: Local Search",
    "25": "Acquisition Function Maximizer: Local Search",
    "26": "Acquisition Function Maximizer: Random Search (sorted)",
    "27": "Random Search",
    "28": "Random Search",