{
  "incumbent_ids": [
    13
  ],
  "rejected_config_ids": [
    1,
    3,
    10
  ],
  "incumbents_changed": 4,
  "trajectory": [
    {
      "config_ids": [
        1
      ],
      "costs": [
        0.21813917991906884
      ],
      "trial": 1,
      "walltime": 3.5036027431488037
    },
    {
      "config_ids": [
        3
      ],
      "costs": [
        0.21647509237219997
      ],
      "trial": 3,
      "walltime": 24.929421186447144
    },
    {
      "config_ids": [
        10
      ],
      "costs": [
        0.21639807482132611
      ],
      "trial": 10,
      "walltime": 82.29652523994446
    },
    {
      "config_ids": [
        13
      ],
      "costs": [
        0.20075089712020766
      ],
      "trial": 13,
      "walltime": 114.70113062858582
    }
  ],
  "state": {
    "queue": [
      [
        50,
        1
      ]
    ]
  }
}