{
  "stats": {
    "submitted": 50,
    "finished": 50,
    "running": 0
  },
  "data": [
    [
      1,
      null,
      209652396,
      null,
      0.21813917991906884,
      3.500304698944092,
      1,
      1706019105.8993464,
      1706019109.4009182,
      {}
    ],
    [
      2,
      null,
      209652396,
      null,
      0.22701563292181426,
      16.655274391174316,
      1,
      1706019109.4044964,
      1706019126.0610049,
      {}
    ],
    [
      3,
      null,
      209652396,
      null,
      0.21647509237219997,
      4.761249303817749,
      1,
      1706019126.0647926,
      1706019130.8270228,
      {}
    ],
    [
      4,
      null,
      209652396,
      null,
      0.21734402691449817,
      1.3574168682098389,
      1,
      1706019130.8294945,
      1706019132.1874886,
      {}
    ],
    [
      5,
      null,
      209652396,
      null,
      0.22236532028724554,
      2.0463924407958984,
      1,
      1706019132.189844,
      1706019134.2368028,
      {}
    ],
    [
      6,
      null,
      209652396,
      null,
      0.2167496521454061,
      3.5251851081848145,
      1,
      1706019134.2396078,
      1706019137.7654274,
      {}
    ],
    [
      7,
      null,
      209652396,
      null,
      0.22455053109555012,
      19.62601900100708,
      1,
      1706019137.7678227,
      1706019157.3943982,
      {}
    ],
    [
      8,
      null,
      209652396,
      null,
      0.23607188985889083,
      0.4531574249267578,
      1,
      1706019157.3978753,
      1706019157.8517077,
      {}
    ],
    [
      9,
      null,
      209652396,
      null,
      0.23734869244866386,
      1.6218187808990479,
      1,
      1706019157.8544774,
      1706019159.4773111,
      {}
    ],
    [
      10,
      null,
      209652396,
      null,
      0.21639807482132611,
      28.706453323364258,
      1,
      1706019159.4860024,
      1706019188.1940985,
      {}
    ],
    [
      11,
      null,
      209652396,
      null,
      0.24860526943604278,
      0.9105157852172852,
      1,
      1706019188.1969445,
      1706019189.1080377,
      {}
    ],
    [
      12,
      null,
      209652396,
      null,
      0.22146525326033417,
      1.7088494300842285,
      1,
      1706019189.1110651,
      1706019190.8207061,
      {}
    ],
    [
      13,
      null,
      209652396,
      null,
      0.20075089712020766,
      29.372892379760742,
      1,
      1706019191.2252429,
      1706019220.5987053,
      {}
    ],
    [
      14,
      null,
      209652396,
      null,
      0.21622018191519543,
      17.46854329109192,
      1,
      1706019220.6019776,
      1706019238.0711546,
      {}
    ],
    [
      15,
      null,
      209652396,
      null,
      0.22111270746571066,
      28.450485706329346,
      1,
      1706019238.0746062,
      1706019266.5257044,
      {}
    ],
    [
      16,
      null,
      209652396,
      null,
      0.22120843814331326,
      28.572584867477417,
      1,
      1706019266.5290751,
      1706019295.102307,
      {}
    ],
    [
      17,
      null,
      209652396,
      null,
      0.22482572359295416,
      17.458364963531494,
      1,
      1706019295.1058068,
      1706019312.5648725,
      {}
    ],
    [
      18,
      null,
      209652396,
      null,
      0.21990569563390117,
      17.786968231201172,
      1,
      1706019312.5684228,
      1706019330.3560002,
      {}
    ],
    [
      19,
      null,
      209652396,
      null,
      0.22879707901070756,
      17.6822407245636,
      1,
      1706019330.360493,
      1706019348.0435383,
      {}
    ],
    [
      20,
      null,
      209652396,
      null,
      0.20837655886640827,
      13.524019002914429,
      1,
      1706019348.0540707,
      1706019361.5796678,
      {}
    ],
    [
      21,
      null,
      209652396,
      null,
      0.2240018380021226,
      20.02342462539673,
      1,
      1706019362.2428954,
      1706019382.2668917,
      {}
    ],
    [
      22,
      null,
      209652396,
      null,
      0.23037222145490543,
      3.8801770210266113,
      1,
      1706019382.2720673,
      1706019386.153088,
      {}
    ],
    [
      23,
      null,
      209652396,
      null,
      0.21056765957013956,
      6.196526527404785,
      1,
      1706019386.1582744,
      1706019392.3557448,
      {}
    ],
    [
      24,
      null,
      209652396,
      null,
      0.21230339849949365,
      12.976411819458008,
      1,
      1706019392.3612094,
      1706019405.3385134,
      {}
    ],
    [
      25,
      null,
      209652396,
      null,
      0.21919776510705147,
      12.938313245773315,
      1,
      1706019405.344433,
      1706019418.2836592,
      {}
    ],
    [
      26,
      null,
      209652396,
      null,
      0.22061057455419997,
      12.927326917648315,
      1,
      1706019418.2892992,
      1706019431.2176719,
      {}
    ],
    [
      27,
      null,
      209652396,
      null,
      0.2529957979386538,
      0.496950626373291,
      1,
      1706019431.2234092,
      1706019431.7212036,
      {}
    ],
    [
      28,
      null,
      209652396,
      null,
      0.2388199753120499,
      9.884308576583862,
      1,
      1706019431.7271202,
      1706019441.6123598,
      {}
    ],
    [
      29,
      null,
      209652396,
      null,
      0.2424785917510588,
      3.0375170707702637,
      1,
      1706019441.6316688,
      1706019444.6700554,
      {}
    ],
    [
      30,
      null,
      209652396,
      null,
      0.21593796802413068,
      32.92347168922424,
      1,
      1706019445.1493025,
      1706019478.0733962,
      {}
    ],
    [
      31,
      null,
      209652396,
      null,
      0.21087277187191888,
      32.762370347976685,
      1,
      1706019478.0792422,
      1706019510.8424542,
      {}
    ],
    [
      32,
      null,
      209652396,
      null,
      0.20155620951955822,
      33.3544545173645,
      1,
      1706019510.8485043,
      1706019544.2038262,
      {}
    ],
    [
      33,
      null,
      209652396,
      null,
      0.2027493099031764,
      20.144626140594482,
      1,
      1706019544.2095098,
      1706019564.3549643,
      {}
    ],
    [
      34,
      null,
      209652396,
      null,
      0.22983446636094151,
      10.667679786682129,
      1,
      1706019564.3610961,
      1706019575.0296552,
      {}
    ],
    [
      35,
      null,
      209652396,
      null,
      0.21524359479740685,
      20.59024429321289,
      1,
      1706019575.036535,
      1706019595.627713,
      {}
    ],
    [
      36,
      null,
      209652396,
      null,
      0.21521015511195296,
      18.78238582611084,
      1,
      1706019595.6341484,
      1706019614.4174109,
      {}
    ],
    [
      37,
      null,
      209652396,
      null,
      0.22675663524857048,
      1.744666337966919,
      1,
      1706019614.4325852,
      1706019616.17781,
      {}
    ],
    [
      38,
      null,
      209652396,
      null,
      0.20831178795184202,
      28.186049461364746,
      1,
      1706019616.6375337,
      1706019644.8241282,
      {}
    ],
    [
      39,
      null,
      209652396,
      null,
      0.20656555470108573,
      16.352677822113037,
      1,
      1706019644.8288717,
      1706019661.182164,
      {}
    ],
    [
      40,
      null,
      209652396,
      null,
      0.20555824921443056,
      28.93894624710083,
      1,
      1706019661.1871443,
      1706019690.126703,
      {}
    ],
    [
      41,
      null,
      209652396,
      null,
      0.2086019565219983,
      29.286887168884277,
      1,
      1706019690.1311204,
      1706019719.4185991,
      {}
    ],
    [
      42,
      null,
      209652396,
      null,
      0.20615183631327372,
      37.083773136138916,
      1,
      1706019719.4233851,
      1706019756.5077987,
      {}
    ],
    [
      43,
      null,
      209652396,
      null,
      0.2174335189438168,
