{
  "incumbent_ids": [
    4
  ],
  "rejected_config_ids": [],
  "incumbents_changed": 4,
  "trajectory": [
    {
      "config_ids": [
        1
      ],
      "costs": [
        0.21531855913940434
      ],
      "trial": 1,
      "walltime": 0.657139778137207
    },
    {
      "config_ids": [
        2
      ],
      "costs": [
        0.2135407324737285
      ],
      "trial": 2,
      "walltime": 2.095776319503784
    },
    {
      "config_ids": [
        3
      ],
      "costs": [
        0.21198239551150133
      ],
      "trial": 3,
      "walltime": 3.744523048400879
    },
    {
      "config_ids": [
        4
      ],
      "costs": [
        0.20519243673247356
      ],
      "trial": 4,
      "walltime": 4.158697605133057
    }
  ],
  "state": {
    "queue": [
      [
        19,
        4
      ],
      [
        20,
        4
      ],
      [
        21,
        4
      ],
      [
        22,
        4
      ],
      [
        23,
        4
      ],
      [
        24,
        4
      ],
      [
        25,
        4
      ],
      [
        26,
        4
      ],
      [
        27,
        4
      ],
      [
        28,
        4
      ],
      [
        29,
        4
      ],
      [
        30,
        4
      ],
      [
        31,
        4
      ],
      [
        32,
        4
      ],
      [
        33,
        4
      ]
    ]
  }
}