{
  "stats": {
    "submitted": 33,
    "finished": 33,
    "running": 0
  },
  "data": [
    [
      1,
      null,
      209652396,
      null,
      0.21531855913940434,
      0.6556198596954346,
      1,
      1706032569.8883374,
      1706032570.5443842,
      {}
    ],
    [
      2,
      null,
      209652396,
      null,
      0.2135407324737285,
      1.4364051818847656,
      1,
      1706032570.5461643,
      1706032571.9829755,
      {}
    ],
    [
      3,
      null,
      209652396,
      null,
      0.21198239551150133,
      1.6465890407562256,
      1,
      1706032571.984753,
      1706032573.6317432,
      {}
    ],
    [
      4,
      null,
      209652396,
      null,
      0.20519243673247356,
      0.4118790626525879,
      1,
      1706032573.6336505,
      1706032574.0459216,
      {}
    ],
    [
      5,
      null,
      209652396,
      null,
      0.2147333270105325,
      0.33020925521850586,
      1,
      1706032574.0478337,
      1706032574.3785076,
      {}
    ],
    [
      6,
      null,
      209652396,
      null,
      0.2148614593376158,
      1.836519479751587,
      1,
      1706032574.3819554,
      1706032576.219315,
      {}
    ],
    [
      7,
      null,
      209652396,
      null,
      0.21381464156070518,
      1.1126744747161865,
      1,
      1706032576.2212837,
      1706032577.3344123,
      {}
    ],
    [
      8,
      null,
      209652396,
      null,
      0.2169935052871551,
      0.9788343906402588,
      1,
      1706032577.3362792,
      1706032578.3155255,
      {}
    ],
    [
      9,
      null,
      209652396,
      null,
      0.21018552956736103,
      0.876044511795044,
      1,
      1706032578.317545,
      1706032579.1939716,
      {}
    ],
    [
      10,
      null,
      209652396,
      null,
      0.20854383510773356,
      1.2265734672546387,
      1,
      1706032579.1960797,
      1706032580.4230354,
      {}
    ],
    [
      11,
      null,
      209652396,
      null,
      0.20743169404373885,
      0.3540031909942627,
      1,
      1706032580.531699,
      1706032580.8861403,
      {}
    ],
    [
      12,
      null,
      209652396,
      null,
      0.2080669481085301,
      0.3443734645843506,
      1,
      1706032580.8883345,
      1706032581.233105,
      {}
    ],
    [
      13,
      null,
      209652396,
      null,
      0.21574546390041593,
      1.8721981048583984,
      1,
      1706032581.2359776,
      1706032583.108553,
      {}
    ],
    [
      14,
      null,
      209652396,
      null,
      0.21165492251497775,
      0.8205070495605469,
      1,
      1706032583.110888,
      1706032583.9317734,
      {}
    ],
    [
      15,
      null,
      209652396,
      null,
      0.20969650907296944,
      1.534160852432251,
      1,
      1706032583.934148,
      1706032585.4687204,
      {}
    ],
    [
      16,
      null,
      209652396,
      null,
      0.20928286338658653,
      1.2109086513519287,
      1,
      1706032585.471358,
      1706032586.682713,
      {}
    ],
    [
      17,
      null,
      209652396,
      null,
      0.21478894239093305,
      1.289543628692627,
      1,
      1706032586.6852162,
      1706032587.9752133,
      {}
    ],
    [
      18,
      null,
      209652396,
      null,
      0.21625479133266068,
      1.1124882698059082,
      1,
      1706032587.9774947,
      1706032589.0903785,
      {}
    ],
    [
      19,
      null,
      209652396,
      null,
      0.208099507787736,
      0.38816285133361816,
      1,
      1706032589.2347991,
      1706032589.6233659,
      {}
    ],
    [
      20,
      null,
      209652396,
      null,
      0.21517027865093774,
      1.6874022483825684,
      1,
      1706032589.6260529,
      1706032591.3138685,
      {}
    ],
    [
      21,
      null,
      209652396,
      null,
      0.21625178877987983,
      1.8737163543701172,
      1,
      1706032591.3163917,
      1706032593.1904871,
      {}
    ],
    [
      22,
      null,
      209652396,
      null,
      0.22357926622633162,
      0.18827414512634277,
      1,
      1706032593.1935658,
      1706032593.3822343,
      {}
    ],
    [
      23,
      null,
      209652396,
      null,
      0.21060461443459888,
      1.5516839027404785,
      1,
      1706032593.384795,
      1706032594.9368534,
      {}
    ],
    [
      24,
      null,
      209652396,
      null,
      0.2224349218931735,
      0.30674290657043457,
      1,
      1706032594.9393895,
      1706032595.2465162,
      {}
    ],
    [
      25,
      null,
      209652396,
      null,
      0.21926733438613033,
      0.2786290645599365,
      1,
      1706032595.2489123,
      1706032595.5279553,
      {}
    ],
    [
      26,
      null,
      209652396,
      null,
      0.21511586402295957,
      1.309267520904541,
      1,
      1706032595.530468,
      1706032596.8401206,
      {}
    ],
    [
      27,
      null,
      209652396,
      null,
      0.21141630032129433,
      0.4433300495147705,
      1,
      1706032596.9695172,
      1706032597.413218,
      {}
    ],
    [
      28,
      null,
      209652396,
      null,
      0.21036256320409874,
      1.53700590133667,
      1,
      1706032597.4170141,
      1706032598.954466,
      {}
    ],
    [
      29,
      null,
      209652396,
      null,
      0.2101757439805665,
      0.36853718757629395,
      1,
      1706032598.9572368,
      1706032599.326215,
      {}
    ],
    [
      30,
      null,
      209652396,
      null,
      0.2106084385233904,
      1.1837513446807861,
      1,
      1706032599.328901,
      1706032600.513031,
      {}
    ],
    [
      31,
      null,
      209652396,
      null,
      0.21522639996559545,
      0.9584240913391113,
      1,
      1706032600.5159209,
      1706032601.4747548,
      {}
    ],
    [
      32,
      null,
      209652396,
      null,
      0.21104994517995068,
      1.1564826965332031,
      1,
      1706032601.4776537,
      1706032602.6345482,
      {}
    ],
    [
      33,
      null,
      209652396,
      null,
      0.21251534377175063,
      0.891319990158081,
      1,
      1706032602.6375346,
      1706032603.5292656,
      {}
    ]
  ],
  "configs": {
    "1": {
      "n_estimators": 60
    },
    "2": {
      "n_estimators": 146
    },
    "3": {
      "n_estimators": 169
    },
    "4": {
      "n_estimators": 37
    },
    "5": {
      "n_estimators": 28
    },
    "6": {
      "n_estimators": 184
    },
    "7": {
      "n_estimators": 113
    },
    "8": {
      "n_estimators": 99
    },
    "9": {
      "n_estimators": 88
    },
    "10": {
      "n_estimators": 126
    },
    "11": {
      "n_estimators": 31
    },
    "12": {
      "n_estimators": 30
    },
    "13": {
      "n_estimators": 194
    },
    "14": {
      "n_estimators": 83
    },
    "15": {
      "n_estimators": 161
    },
    "16": {
      "n_estimators": 125
    },
    "17": {
      "n_estimators": 133
    },
    "18": {
      "n_estimators": 114
    },
    "19": {
      "n_estimators": 35
    },
    "20": {
      "n_estimators": 176
    },
    "21": {
      "n_estimators": 196
    },
    "22": {
      "n_estimators": 13
    },
    "23": {
      "n_estimators": 162
    },
    "24": {
      "n_estimators": 26
    },
    "25": {
      "n_estimators": 23
    },
    "26": {
      "n_estimators": 130
    },
    "27": {
      "n_estimators": 40
    },
    "28": {
      "n_estimators": 157
    },
    "29": {
      "n_estimators": 32
    },
    "30": {
      "n_estimators": 121
    },
    "31": {
      "n_estimators": 97
    },
    "32": {
      "n_estimators": 118
    },
    "33": {
      "n_estimators": 89
    }
  },
  "config_origins": {
    "1": "Initial Design: Sobol",
    "2": "Initial Design: Sobol",
    "3": "Initial Design: Sobol",
    "4": "Initial Design: Sobol",
    "5": "Initial Design: Sobol",
    "6": "Initial Design: Sobol",
    "7": "Initial Design: Sobol",
    "8": "Initial Design: Sobol",